"Epic","Feature","Story","FAILED","BROKEN","PASSED","SKIPPED","UNKNOWN"
"libpcp","","","0","0","1942","130","0"
"local","","","22","0","16856","2274","0"
"ostest","","","4","0","1045","29","0"
"libpcp_mmv","","","0","0","55","1","0"
"labels","","","0","0","441","35","0"
"valgrind","","","2","0","1214","114","0"
"pmproxy","","","8","0","348","162","0"
"pmda.statsd","","","0","0","60","150","0"
"pmda","","","0","0","432","2","0"
"sanity","","","2","0","1085","5","0"
"pmda.bcc","","","0","0","17","361","0"
"python","","","5","0","1828","785","0"
"pmie","","","0","0","1214","60","0"
"atop","","","0","0","140","0","0"
"pcp","","","0","0","555","47","0"
"man","","","2","0","43","11","0"
"pmlogger","","","2","0","1199","59","0"
"pmdumplog","","","0","0","2370","136","0"
"kernel","","","4","0","2348","126","0"
"libpcp_web","","","2","0","129","51","0"
"pmcpp","","","0","0","98","0","0"
"archive","","","0","0","1555","55","0"
"pmval","","","0","0","1328","30","0"
"derive","","","0","0","964","44","0"
"pmiectl","","","0","0","56","0","0"
"pmns","","","0","0","741","1","0"
"pmda.sample","","","5","0","1403","20","0"
"pmlogsummary","","","0","0","209","1","0"
"multi-archive","","","0","0","331","5","0"
"decompress-xz","","","0","0","180","2","0"
"pmlogextract","","","1","0","946","19","0"
"pmieutil","","","0","0","69","1","0"
"pmstore","","","2","0","751","59","0"
"logutil","","","0","0","530","2","0"
"#877570","","","0","0","14","0","0"
"other","","","0","0","287","21","0"
"folio","","","0","0","336","0","0"
"pmlc","","","0","0","568","20","0"
"pmda.netfilter","","","0","0","28","0","0"
"pmieconf","","","0","0","154","0","0"
"pmpost","","","0","0","84","14","0"
"pmlogrewrite","","","1","0","949","2","0"
"trace","","","0","0","182","0","0"
"pmda.trace","","","0","0","168","0","0"
"pmrep","","","0","0","445","73","0"
"dbpmda","","","0","0","555","47","0"
"iostat","","","0","0","104","8","0"
"pmprobe","","","0","0","360","4","0"
"wrap","","","0","0","42","0","0"
"pmda.ds389","","","0","0","0","28","0"
"pmcd","","","4","0","919","85","0"
"pmda.zfs","","","0","0","58","26","0"
"pmda.mssql","","","0","0","0","14","0"
"pminfo","","","0","0","266","14","0"
"#541380","","","0","0","14","0","0"
"pmclient","","","0","0","138","2","0"
"fetch","","","0","0","139","1","0"
"#466346","","","0","0","14","0","0"
"patch2140","","","0","0","14","0","0"
"patch2141","","","0","0","14","0","0"
"timezone","","","0","0","244","8","0"
"pmlogreduce","","","0","0","168","0","0"
"pmlogsize","","","0","0","84","0","0"
"fault","","","0","0","0","154","0"
"threads","","","0","0","265","43","0"
"pmda.summary","","","0","0","28","0","0"
"#573184","","","0","0","14","0","0"
"pmda.linux","","","0","0","600","58","0"
"avahi","","","0","0","15","27","0"
"pmda.shping","","","0","0","16","12","0"
"pmda.proc","","","0","0","432","44","0"
"pmda.install","","","0","0","505","69","0"
"helgrind","","","0","0","88","24","0"
"pmlogctl","","","0","0","182","0","0"
"context","","","1","0","291","16","0"
"secure","","","0","0","162","48","0"
"pmda.mmv","","","0","0","181","1","0"
"help","","","0","0","336","0","0"
"pdu","","","3","0","179","14","0"
"mem_leak","","","3","0","207","0","0"
"pmda.nfsclient","","","0","0","26","2","0"
"pmlogconf","","","0","0","138","2","0"
"pmda.pmcd","","","0","0","168","14","0"
"pmda.perfevent","","","0","0","39","3","0"
"pmda.bpftrace","","","0","0","13","169","0"
"pmda.hacluster","","","0","0","14","0","0"
"pmda.dm","","","1","0","37","18","0"
"pmda.nginx","","","0","0","14","0","0"
"free","","","0","0","39","3","0"
"pmdbg","","","0","0","110","16","0"
"pmfind","","","0","0","39","59","0"
"pcp2xxx","","","0","0","182","42","0"
"indom","","","1","0","55","14","0"
"pmda.logger","","","0","0","42","0","0"
"event","","","0","0","307","15","0"
"selinux","","","0","0","0","70","0"
"containers","","","0","0","53","87","0"
"pmda.kvm","","","0","0","14","14","0"
"pmda.activemq","","","0","0","0","14","0"
"pmda.openmetrics","","","0","0","143","11","0"
"pmseries","","","0","0","95","59","0"
"pcp2json","","","0","0","34","22","0"
"pmda.simple","","","0","0","220","4","0"
"context_local","","","0","0","182","0","0"
"libpcp_import","","","0","0","69","1","0"
"pmda.named","","","0","0","14","14","0"
"pmda.xfs","","","1","0","69","14","0"
"pmda.postfix","","","0","0","12","2","0"
"pmda.gfs2","","","0","0","0","28","0"
"pmsocks","","","0","0","0","14","0"
"pmimport","","","0","0","220","74","0"
"pmda.trivial","","","0","0","97","1","0"
"pmdumptext","","","0","0","98","0","0"
"perl","","","0","0","296","82","0"
"collectl","","","0","0","54","16","0"
"archive_v3","","","0","0","0","28","0"
"pmloglabel","","","0","0","28","28","0"
"pmda.bash","","","0","0","14","0","0"
"pmda.elasticsearch","","","0","0","13","29","0"
"#1132476","","","0","0","14","0","0"
"pmda.podman","","","0","0","0","28","0"
"#626853","","","0","0","14","0","0"
"pmda.zimbra","","","0","0","0","14","0"
"pmsearch","","","0","0","8","6","0"
"pmda.haproxy","","","0","0","13","1","0"
"pcp2zabbix","","","0","0","26","16","0"
"#935490","","","0","0","28","0","0"
"#553276","","","0","0","14","0","0"
"#568199","","","0","0","14","0","0"
"pmda.cisco","","","0","0","56","14","0"
"compat","","","0","0","28","0","0"
"#508731","","","0","0","14","0","0"
"#509091","","","0","0","14","0","0"
"pmda.docker","","","0","0","12","2","0"
"pmda.unbound","","","0","0","20","8","0"
"flakey","","","0","0","111","1","0"
"pmlogcheck","","","1","0","152","1","0"
"#893249","","","0","0","14","0","0"
"pmda.apache","","","0","0","14","0","0"
"pmda.postgresql","","","0","0","13","29","0"
"#870661","","","0","0","14","0","0"
"ipcs","","","0","0","13","1","0"
"pmlogmv","","","0","0","140","0","0"
"pmda.hotproc","","","0","0","28","0","0"
"pmda.oracle","","","0","0","0","14","0"
"pmda.rabbitmq","","","0","0","0","14","0"
"pidstat","","","0","0","104","8","0"
"cgroups","","","0","0","42","14","0"
"pmda.json","","","0","0","24","4","0"
"pcp2graphite","","","0","0","26","16","0"
"pmda.sendmail","","","0","0","28","0","0"
"pmda.gluster","","","0","0","13","1","0"
"#505498","","","0","0","14","0","0"
"pmcd_wait","","","0","0","41","1","0"
"#589006","","","0","0","14","0","0"
"#581025","","","0","0","14","0","0"
"pmda.zswap","","","0","0","26","2","0"
"pmda.nvidia","","","0","0","28","0","0"
"#679693","","","0","0","14","0","0"
"dstat","","","0","0","65","5","0"
"getopt","","","0","0","82","2","0"
"find-filter","","","0","0","28","0","0"
"pmda.gpfs","","","0","0","14","0","0"
"pcp2xlsx","","","0","0","18","24","0"
"#625913","","","0","0","28","0","0"
"pmda.news","","","0","0","28","0","0"
"pmda.root","","","0","0","41","29","0"
"pcp2influxdb","","","0","0","26","16","0"
"pmda.pipe","","","0","0","28","0","0"
"#591459","","","0","0","14","0","0"
"#504616","","","0","0","14","0","0"
"#936084","","","0","0","0","14","0"
"#598265","","","0","0","14","0","0"
"pmstat","","","0","0","112","0","0"
"pmda.mailq","","","0","0","14","0","0"
"#933456","","","0","0","14","0","0"
"pmdate","","","0","0","14","0","0"
"#666344","","","0","0","14","0","0"
"#564017","","","0","0","14","0","0"
"pcp2xml","","","0","0","60","24","0"
"#621699","","","0","0","14","0","0"
"interop","","","0","0","28","0","0"
"pmda.mysql","","","0","0","14","0","0"
"#754795","","","0","0","14","0","0"
"pmda.cifs","","","0","0","14","0","0"
"pmda.lio","","","0","0","0","14","0"
"pmda.slurm","","","0","0","0","14","0"
"openvswitch","","","0","0","0","14","0"
"tapestat","","","0","0","13","1","0"
"#535080","","","0","0","14","0","0"
"pmdiff","","","0","0","28","0","0"
"pmda.bpf","","","2","0","0","26","0"
"ganglia2pcp","","","0","0","14","0","0"
"pmda.lmsensors","","","0","0","0","14","0"
"pmda.sockets","","","0","0","27","1","0"
"pmda.systemd","","","0","0","13","1","0"
"#779246","","","0","0","14","0","0"
"#782029","","","0","0","14","0","0"
"pcp2elasticsearch","","","0","0","26","16","0"
"#779495","","","0","0","14","0","0"
"pmda.mic","","","0","0","13","1","0"
"verify","","","0","0","28","0","0"
"pmda.netcheck","","","0","0","8","20","0"
"pmda.pmproxy","","","0","0","14","0","0"
"#627395","","","0","0","14","0","0"
"pmda.bind2","","","0","0","13","1","0"
"pmda.denki","","","0","0","14","0","0"
"pmda.smart","","","0","0","14","0","0"
"#584487","","","0","0","14","0","0"
"pmda.weblog","","","0","0","6","8","0"
"pcp2spark","","","0","0","13","1","0"
"#939275","","","0","0","14","0","0"
"pmda.libvirt","","","0","0","7","7","0"
"zbxpcp","","","0","0","7","7","0"
"pmda.lustre","","","0","0","14","0","0"
"#934332","","","0","0","14","0","0"
"pmda.mounts","","","0","0","13","1","0"
"bash","","","0","0","13","1","0"
"pmda.redis","","","0","0","12","2","0"
"zsh","","","0","0","0","14","0"
"mpstat","","","0","0","13","1","0"
"pmda.nutcracker","","","0","0","0","14","0"
"#500237","","","0","0","14","0","0"
"pmgadgets","","","0","0","14","0","0"
"pmda.memcache","","","0","0","7","7","0"
"pmda.jbd2","","","0","0","14","0","0"
"pmda.txmon","","","0","0","14","0","0"
"#421411","","","0","0","14","0","0"
"pmda.rsyslog","","","0","0","14","0","0"
"slow","","","0","0","14","0","0"
"#696008","","","0","0","14","0","0"
"pmlogpaste","","","0","0","14","0","0"
